Workbook

Sheet Read Me
A1: IMS — Lot Sale (LS series)
A3: Is workbook mein 2 tabs hain: IMS_Stock aur IMS_Ledger.
A5: IMS_Stock (master list):
A6: - Naya SKU launch hote hi yaha ek naya row add karo (SKU ID + SKU Name column A/B).
A7: - Column C (Current Stock) FORMULA hai — kabhi manually type mat karo.
A8: - Column D (Status) sirf tab change karo jab stock hone ke bawajood site pe
A9: 'Out of Stock' ya 'Discontinued' dikhana ho (dropdown se select karo).
A10: - Column E (Last Updated) bhi FORMULA hai — IMS_Ledger mein us SKU ki sabse
A11: latest transaction ki date khud utha leta hai. Isse bhi manually mat chhedo.
A13: IMS_Ledger (transaction log):
A14: - Har stock movement ek row = IN (naya stock aaya) ya OUT (stock nikla).
A15: - IN: aap manually row add karoge jab naya stock godown mein aaye.
... A32: Black = formula (don't edit)

Sheet IMS_Stock
A1: SKU ID | B1: SKU Name | C1: Current Stock | D1: Status | E1: Last Updated
A2: LS-0001 | B2: Basmati Rice Lot Sale 25kg | C2: =SUMIF(IMS_Ledger!$B:$B,A2,IMS_Ledger!$E:$E) | D2: In Stock | E2: =IFERROR(_xlfn.MAXIFS(IMS_Ledger!$A:$A,IMS_Ledger!$B:$B,A2),"")
A3: LS-0002 | B3: Basmati Rice Lot Sale 50kg | C3: =SUMIF(IMS_Ledger!$B:$B,A3,IMS_Ledger!$E:$E) | D3: In Stock | E3: =IFERROR(_xlfn.MAXIFS(IMS_Ledger!$A:$A,IMS_Ledger!$B:$B,A3),"")
C4: =IF(A4="","",SUMIF(IMS_Ledger!$B:$B,A4,IMS_Ledger!$E:$E)) | E4: =IF(A4="","",IFERROR(_xlfn.MAXIFS(IMS_Ledger!$A:$A,IMS_Ledger!$B:$B,A4),""))
C5: =IF(A5="","",SUMIF(IMS_Ledger!$B:$B,A5,IMS_Ledger!$E:$E)) | E5: =IF(A5="","",IFERROR(_xlfn.MAXIFS(IMS_Ledger!$A:$A,IMS_Ledger!$B:$B,A5),""))
C6: =IF(A6="","",SUMIF(IMS_Ledger!$B:$B,A6,IMS_Ledger!$E:$E)) | E6: =IF(A6="","",IFERROR(_xlfn.MAXIFS(IMS_Ledger!$A:$A,IMS_Ledger!$B:$B,A6),""))
C7: =IF(A7="","",SUMIF(IMS_Ledger!$B:$B,A7,IMS_Ledger!$E:$E)) | E7: =IF(A7="","",IFERROR(_xlfn.MAXIFS(IMS_Ledger!$A:$A,IMS_Ledger!$B:$B,A7),""))
C8: =IF(A8="","",SUMIF(IMS_Ledger!$B:$B,A8,IMS_Ledger!$E:$E)) | E8: =IF(A8="","",IFERROR(_xlfn.MAXIFS(IMS_Ledger!$A:$A,IMS_Ledger!$B:$B,A8),""))
C9: =IF(A9="","",SUMIF(IMS_Ledger!$B:$B,A9,IMS_Ledger!$E:$E)) | E9: =IF(A9="","",IFERROR(_xlfn.MAXIFS(IMS_Ledger!$A:$A,IMS_Ledger!$B:$B,A9),""))
C10: =IF(A10="","",SUMIF(IMS_Ledger!$B:$B,A10,IMS_Ledger!$E:$E)) | E10: =IF(A10="","",IFERROR(_xlfn.MAXIFS(IMS_Ledger!$A:$A,IMS_Ledger!$B:$B,A10),""))
C11: =IF(A11="","",SUMIF(IMS_Ledger!$B:$B,A11,IMS_Ledger!$E:$E)) | E11: =IF(A11="","",IFERROR(_xlfn.MAXIFS(IMS_Ledger!$A:$A,IMS_Ledger!$B:$B,A11),""))
C12: =IF(A12="","",SUMIF(IMS_Ledger!$B:$B,A12,IMS_Ledger!$E:$E)) | E12: =IF(A12="","",IFERROR(_xlfn.MAXIFS(IMS_Ledger!$A:$A,IMS_Ledger!$B:$B,A12),""))
C13: =IF(A13="","",SUMIF(IMS_Ledger!$B:$B,A13,IMS_Ledger!$E:$E)) | E13: =IF(A13="","",IFERROR(_xlfn.MAXIFS(IMS_Ledger!$A:$A,IMS_Ledger!$B:$B,A13),""))
C14: =IF(A14="","",SUMIF(IMS_Ledger!$B:$B,A14,IMS_Ledger!$E:$E)) | E14: =IF(A14="","",IFERROR(_xlfn.MAXIFS(IMS_Ledger!$A:$A,IMS_Ledger!$B:$B,A14),""))
C15: =IF(A15="","",SUMIF(IMS_Ledger!$B:$B,A15,IMS_Ledger!$E:$E)) | E15: =IF(A15="","",IFERROR(_xlfn.MAXIFS(IMS_Ledger!$A:$A,IMS_Ledger!$B:$B,A15),""))
... C500: =IF(A500="","",SUMIF(IMS_Ledger!$B:$B,A500,IMS_Ledger!$E:$E)) | E500: =IF(A500="","",IFERROR(_xlfn.MAXIFS(IMS_Ledger!$A:$A,IMS_Ledger!$B:$B,A500),""))

Sheet IMS_Ledger
A1: Timestamp | B1: SKU ID | C1: Type | D1: Quantity | E1: Signed Qty | F1: Reference | G1: Added By
A2: 46204.417 | B2: LS-0001 | C2: IN | D2: 500 | E2: =IF(C2="IN",D2,-D2) | F2: Invoice #INV-1001 | G2: Rahul
A3: 46208.604 | B3: LS-0001 | C3: OUT | D3: 12 | E3: =IF(C3="IN",D3,-D3) | F3: ORD-RET-001-1720000000000 | G3: System
A4: 46213.385 | B4: LS-0002 | C4: IN | D4: 300 | E4: =IF(C4="IN",D4,-D4) | F4: Invoice #INV-1002 | G4: Rahul
A5: 46215.462 | B5: LS-0002 | C5: OUT | D5: 8 | E5: =IF(C5="IN",D5,-D5) | F5: ORD-RET-014-1720100000000 | G5: System
E6: =IF(D6="","",IF(C6="IN",D6,-D6))
E7: =IF(D7="","",IF(C7="IN",D7,-D7))
E8: =IF(D8="","",IF(C8="IN",D8,-D8))
E9: =IF(D9="","",IF(C9="IN",D9,-D9))
E10: =IF(D10="","",IF(C10="IN",D10,-D10))
E11: =IF(D11="","",IF(C11="IN",D11,-D11))
E12: =IF(D12="","",IF(C12="IN",D12,-D12))
E13: =IF(D13="","",IF(C13="IN",D13,-D13))
E14: =IF(D14="","",IF(C14="IN",D14,-D14))
E15: =IF(D15="","",IF(C15="IN",D15,-D15))
E16: =IF(D16="","",IF(C16="IN",D16,-D16))
E17: =IF(D17="","",IF(C17="IN",D17,-D17))
... E2000: =IF(D2000="","",IF(C2000="IN",D2000,-D2000))
